country_code,bw,s1g_chan,s1g_op_class,global_op_class,centre_freq_mhz,duty_cycle_ap,duty_cycle_sta,country,tx_power_max,duty_cycle_omit_ctrl_resp,pkt_spacing_ms,airtime_min_ms,airtime_max_ms,usable_banff_c
AL,1,1,6,66,863.5,10.0,2.8,Albania,16.13,False,0.0,0.0,0.0,1
AL,1,3,6,66,864.5,10.0,2.8,Albania,16.13,False,0.0,0.0,0.0,1
AL,1,5,6,66,865.5,10.0,2.8,Albania,16.13,False,0.0,0.0,0.0,1
AL,1,7,6,66,866.5,10.0,2.8,Albania,16.13,False,0.0,0.0,0.0,1
AL,1,9,6,66,867.5,10.0,2.8,Albania,16.13,False,0.0,0.0,0.0,1
AR,1,27,1,68,915.5,100.0,100.0,Argentina,36.0,False,0.0,0.0,0.0,1
AR,1,29,1,68,916.5,100.0,100.0,Argentina,36.0,False,0.0,0.0,0.0,1
AR,1,31,1,68,917.5,100.0,100.0,Argentina,36.0,False,0.0,0.0,0.0,1
AR,1,33,1,68,918.5,100.0,100.0,Argentina,36.0,False,0.0,0.0,0.0,1
AR,1,35,1,68,919.5,100.0,100.0,Argentina,36.0,False,0.0,0.0,0.0,1
AR,1,37,1,68,920.5,100.0,100.0,Argentina,36.0,False,0.0,0.0,0.0,1
AR,1,39,1,68,921.5,100.0,100.0,Argentina,36.0,False,0.0,0.0,0.0,1
AR,1,41,1,68,922.5,100.0,100.0,Argentina,36.0,False,0.0,0.0,0.0,1
AR,1,43,1,68,923.5,100.0,100.0,Argentina,36.0,False,0.0,0.0,0.0,1
AR,1,45,1,68,924.5,100.0,100.0,Argentina,36.0,False,0.0,0.0,0.0,1
AR,1,47,1,68,925.5,100.0,100.0,Argentina,36.0,False,0.0,0.0,0.0,1
AR,1,49,1,68,926.5,100.0,100.0,Argentina,36.0,False,0.0,0.0,0.0,1
AR,1,51,1,68,927.5,100.0,100.0,Argentina,36.0,False,0.0,0.0,0.0,1
AR,2,30,2,69,917.0,100.0,100.0,Argentina,36.0,False,0.0,0.0,0.0,1
AR,2,34,2,69,919.0,100.0,100.0,Argentina,36.0,False,0.0,0.0,0.0,1
AR,2,38,2,69,921.0,100.0,100.0,Argentina,36.0,False,0.0,0.0,0.0,1
AR,2,42,2,69,923.0,100.0,100.0,Argentina,36.0,False,0.0,0.0,0.0,1
AR,2,46,2,69,925.0,100.0,100.0,Argentina,36.0,False,0.0,0.0,0.0,1
AR,2,50,2,69,927.0,100.0,100.0,Argentina,36.0,False,0.0,0.0,0.0,1
AR,4,32,3,70,918.0,100.0,100.0,Argentina,36.0,False,0.0,0.0,0.0,1
AR,4,40,3,70,922.0,100.0,100.0,Argentina,36.0,False,0.0,0.0,0.0,1
AR,4,48,3,70,926.0,100.0,100.0,Argentina,36.0,False,0.0,0.0,0.0,1
AR,8,44,4,71,924.0,100.0,100.0,Argentina,36.0,False,0.0,0.0,0.0,1
AT,1,1,6,66,863.5,10.0,2.8,Austria,16.13,False,0.0,0.0,0.0,1
AT,1,3,6,66,864.5,10.0,2.8,Austria,16.13,False,0.0,0.0,0.0,1
AT,1,5,6,66,865.5,10.0,2.8,Austria,16.13,False,0.0,0.0,0.0,1
AT,1,7,6,66,866.5,10.0,2.8,Austria,16.13,False,0.0,0.0,0.0,1
AT,1,9,6,66,867.5,10.0,2.8,Austria,16.13,False,0.0,0.0,0.0,1
AU,1,27,22,68,915.5,100.0,100.0,Australia,30.0,False,0.0,0.0,0.0,1
AU,1,29,22,68,916.5,100.0,100.0,Australia,30.0,False,0.0,0.0,0.0,1
AU,1,31,22,68,917.5,100.0,100.0,Australia,30.0,False,0.0,0.0,0.0,1
AU,1,33,22,68,918.5,100.0,100.0,Australia,30.0,False,0.0,0.0,0.0,1
AU,1,35,22,68,919.5,100.0,100.0,Australia,30.0,False,0.0,0.0,0.0,1
AU,1,37,22,68,920.5,100.0,100.0,Australia,30.0,False,0.0,0.0,0.0,1
AU,1,39,22,68,921.5,100.0,100.0,Australia,30.0,False,0.0,0.0,0.0,1
AU,1,41,22,68,922.5,100.0,100.0,Australia,30.0,False,0.0,0.0,0.0,1
AU,1,43,22,68,923.5,100.0,100.0,Australia,30.0,False,0.0,0.0,0.0,1
AU,1,45,22,68,924.5,100.0,100.0,Australia,30.0,False,0.0,0.0,0.0,1
AU,1,47,22,68,925.5,100.0,100.0,Australia,30.0,False,0.0,0.0,0.0,1
AU,1,49,22,68,926.5,100.0,100.0,Australia,30.0,False,0.0,0.0,0.0,1
AU,1,51,22,68,927.5,100.0,100.0,Australia,30.0,False,0.0,0.0,0.0,1
AU,2,30,23,69,917.0,100.0,100.0,Australia,30.0,False,0.0,0.0,0.0,1
AU,2,34,23,69,919.0,100.0,100.0,Australia,30.0,False,0.0,0.0,0.0,1
AU,2,38,23,69,921.0,100.0,100.0,Australia,30.0,False,0.0,0.0,0.0,1
AU,2,42,23,69,923.0,100.0,100.0,Australia,30.0,False,0.0,0.0,0.0,1
AU,2,46,23,69,925.0,100.0,100.0,Australia,30.0,False,0.0,0.0,0.0,1
AU,2,50,23,69,927.0,100.0,100.0,Australia,30.0,False,0.0,0.0,0.0,1
AU,4,32,24,70,918.0,100.0,100.0,Australia,30.0,False,0.0,0.0,0.0,1
AU,4,40,24,70,922.0,100.0,100.0,Australia,30.0,False,0.0,0.0,0.0,1
AU,4,48,24,70,926.0,100.0,100.0,Australia,30.0,False,0.0,0.0,0.0,1
AU,8,44,25,71,924.0,100.0,100.0,Australia,30.0,False,0.0,0.0,0.0,1
BA,1,1,6,66,863.5,10.0,2.8,Bosnia and Herzegovina,16.13,False,0.0,0.0,0.0,1
BA,1,3,6,66,864.5,10.0,2.8,Bosnia and Herzegovina,16.13,False,0.0,0.0,0.0,1
BA,1,5,6,66,865.5,10.0,2.8,Bosnia and Herzegovina,16.13,False,0.0,0.0,0.0,1
BA,1,7,6,66,866.5,10.0,2.8,Bosnia and Herzegovina,16.13,False,0.0,0.0,0.0,1
BA,1,9,6,66,867.5,10.0,2.8,Bosnia and Herzegovina,16.13,False,0.0,0.0,0.0,1
BE,1,1,6,66,863.5,10.0,2.8,Belgium,16.13,False,0.0,0.0,0.0,1
BE,1,3,6,66,864.5,10.0,2.8,Belgium,16.13,False,0.0,0.0,0.0,1
BE,1,5,6,66,865.5,10.0,2.8,Belgium,16.13,False,0.0,0.0,0.0,1
BE,1,7,6,66,866.5,10.0,2.8,Belgium,16.13,False,0.0,0.0,0.0,1
BE,1,9,6,66,867.5,10.0,2.8,Belgium,16.13,False,0.0,0.0,0.0,1
BE,1,31,30,77,916.9,10.0,2.8,Belgium,16.13,False,0.0,0.0,0.0,1
BE,1,33,30,77,917.9,10.0,2.8,Belgium,16.13,False,0.0,0.0,0.0,1
BE,1,35,30,77,918.9,10.0,2.8,Belgium,16.13,False,0.0,0.0,0.0,1
BG,1,1,6,66,863.5,10.0,2.8,Bulgaria,16.13,False,0.0,0.0,0.0,1
BG,1,3,6,66,864.5,10.0,2.8,Bulgaria,16.13,False,0.0,0.0,0.0,1
BG,1,5,6,66,865.5,10.0,2.8,Bulgaria,16.13,False,0.0,0.0,0.0,1
BG,1,7,6,66,866.5,10.0,2.8,Bulgaria,16.13,False,0.0,0.0,0.0,1
BG,1,9,6,66,867.5,10.0,2.8,Bulgaria,16.13,False,0.0,0.0,0.0,1
BG,1,33,30,77,917.9,10.0,2.8,Bulgaria,16.13,False,0.0,0.0,0.0,1
BG,1,35,30,77,918.9,10.0,2.8,Bulgaria,16.13,False,0.0,0.0,0.0,1
BR,1,1,1,68,902.5,100.0,100.0,Brazil,36.0,False,0.0,0.0,0.0,0
BR,1,3,1,68,903.5,100.0,100.0,Brazil,36.0,False,0.0,0.0,0.0,1
BR,1,5,1,68,904.5,100.0,100.0,Brazil,36.0,False,0.0,0.0,0.0,1
BR,1,7,1,68,905.5,100.0,100.0,Brazil,36.0,False,0.0,0.0,0.0,1
BR,1,9,1,68,906.5,100.0,100.0,Brazil,36.0,False,0.0,0.0,0.0,1
BR,2,2,2,69,903.0,100.0,100.0,Brazil,36.0,False,0.0,0.0,0.0,0
BR,2,6,2,69,905.0,100.0,100.0,Brazil,36.0,False,0.0,0.0,0.0,1
BR,1,27,1,68,915.5,100.0,100.0,Brazil,36.0,False,0.0,0.0,0.0,1
BR,1,29,1,68,916.5,100.0,100.0,Brazil,36.0,False,0.0,0.0,0.0,1
BR,1,31,1,68,917.5,100.0,100.0,Brazil,36.0,False,0.0,0.0,0.0,1
BR,1,33,1,68,918.5,100.0,100.0,Brazil,36.0,False,0.0,0.0,0.0,1
BR,1,35,1,68,919.5,100.0,100.0,Brazil,36.0,False,0.0,0.0,0.0,1
BR,1,37,1,68,920.5,100.0,100.0,Brazil,36.0,False,0.0,0.0,0.0,1
BR,1,39,1,68,921.5,100.0,100.0,Brazil,36.0,False,0.0,0.0,0.0,1
BR,1,41,1,68,922.5,100.0,100.0,Brazil,36.0,False,0.0,0.0,0.0,1
BR,1,43,1,68,923.5,100.0,100.0,Brazil,36.0,False,0.0,0.0,0.0,1
BR,1,45,1,68,924.5,100.0,100.0,Brazil,36.0,False,0.0,0.0,0.0,1
BR,1,47,1,68,925.5,100.0,100.0,Brazil,36.0,False,0.0,0.0,0.0,1
BR,1,49,1,68,926.5,100.0,100.0,Brazil,36.0,False,0.0,0.0,0.0,1
BR,1,51,1,68,927.5,100.0,100.0,Brazil,36.0,False,0.0,0.0,0.0,1
BR,2,30,2,69,917.0,100.0,100.0,Brazil,36.0,False,0.0,0.0,0.0,1
BR,2,34,2,69,919.0,100.0,100.0,Brazil,36.0,False,0.0,0.0,0.0,1
BR,2,38,2,69,921.0,100.0,100.0,Brazil,36.0,False,0.0,0.0,0.0,1
BR,2,42,2,69,923.0,100.0,100.0,Brazil,36.0,False,0.0,0.0,0.0,1
BR,2,46,2,69,925.0,100.0,100.0,Brazil,36.0,False,0.0,0.0,0.0,1
BR,2,50,2,69,927.0,100.0,100.0,Brazil,36.0,False,0.0,0.0,0.0,1
BR,4,32,3,70,918.0,100.0,100.0,Brazil,36.0,False,0.0,0.0,0.0,1
BR,4,40,3,70,922.0,100.0,100.0,Brazil,36.0,False,0.0,0.0,0.0,1
BR,4,48,3,70,926.0,100.0,100.0,Brazil,36.0,False,0.0,0.0,0.0,1
BR,8,44,4,71,924.0,100.0,100.0,Brazil,36.0,False,0.0,0.0,0.0,1
CA,1,1,1,68,902.5,100.0,100.0,Canada,36.0,False,0.0,0.0,0.0,0
CA,1,3,1,68,903.5,100.0,100.0,Canada,36.0,False,0.0,0.0,0.0,1
CA,1,5,1,68,904.5,100.0,100.0,Canada,36.0,False,0.0,0.0,0.0,1
CA,1,7,1,68,905.5,100.0,100.0,Canada,36.0,False,0.0,0.0,0.0,1
CA,1,9,1,68,906.5,100.0,100.0,Canada,36.0,False,0.0,0.0,0.0,1
CA,1,11,1,68,907.5,100.0,100.0,Canada,36.0,False,0.0,0.0,0.0,1
CA,1,13,1,68,908.5,100.0,100.0,Canada,36.0,False,0.0,0.0,0.0,1
CA,1,15,1,68,909.5,100.0,100.0,Canada,36.0,False,0.0,0.0,0.0,1
CA,1,17,1,68,910.5,100.0,100.0,Canada,36.0,False,0.0,0.0,0.0,1
CA,1,19,1,68,911.5,100.0,100.0,Canada,36.0,False,0.0,0.0,0.0,1
CA,1,21,1,68,912.5,100.0,100.0,Canada,36.0,False,0.0,0.0,0.0,1
CA,1,23,1,68,913.5,100.0,100.0,Canada,36.0,False,0.0,0.0,0.0,1
CA,1,25,1,68,914.5,100.0,100.0,Canada,36.0,False,0.0,0.0,0.0,1
CA,1,27,1,68,915.5,100.0,100.0,Canada,36.0,False,0.0,0.0,0.0,1
CA,1,29,1,68,916.5,100.0,100.0,Canada,36.0,False,0.0,0.0,0.0,1
CA,1,31,1,68,917.5,100.0,100.0,Canada,36.0,False,0.0,0.0,0.0,1
CA,1,33,1,68,918.5,100.0,100.0,Canada,36.0,False,0.0,0.0,0.0,1
CA,1,35,1,68,919.5,100.0,100.0,Canada,36.0,False,0.0,0.0,0.0,1
CA,1,37,1,68,920.5,100.0,100.0,Canada,36.0,False,0.0,0.0,0.0,1
CA,1,39,1,68,921.5,100.0,100.0,Canada,36.0,False,0.0,0.0,0.0,1
CA,1,41,1,68,922.5,100.0,100.0,Canada,36.0,False,0.0,0.0,0.0,1
CA,1,43,1,68,923.5,100.0,100.0,Canada,36.0,False,0.0,0.0,0.0,1
CA,1,45,1,68,924.5,100.0,100.0,Canada,36.0,False,0.0,0.0,0.0,1
CA,1,47,1,68,925.5,100.0,100.0,Canada,36.0,False,0.0,0.0,0.0,1
CA,1,49,1,68,926.5,100.0,100.0,Canada,36.0,False,0.0,0.0,0.0,1
CA,1,51,1,68,927.5,100.0,100.0,Canada,36.0,False,0.0,0.0,0.0,1
CA,2,2,2,69,903.0,100.0,100.0,Canada,36.0,False,0.0,0.0,0.0,0
CA,2,6,2,69,905.0,100.0,100.0,Canada,36.0,False,0.0,0.0,0.0,1
CA,2,10,2,69,907.0,100.0,100.0,Canada,36.0,False,0.0,0.0,0.0,1
CA,2,14,2,69,909.0,100.0,100.0,Canada,36.0,False,0.0,0.0,0.0,1
CA,2,18,2,69,911.0,100.0,100.0,Canada,36.0,False,0.0,0.0,0.0,1
CA,2,22,2,69,913.0,100.0,100.0,Canada,36.0,False,0.0,0.0,0.0,1
CA,2,26,2,69,915.0,100.0,100.0,Canada,36.0,False,0.0,0.0,0.0,1
CA,2,30,2,69,917.0,100.0,100.0,Canada,36.0,False,0.0,0.0,0.0,1
CA,2,34,2,69,919.0,100.0,100.0,Canada,36.0,False,0.0,0.0,0.0,1
CA,2,38,2,69,921.0,100.0,100.0,Canada,36.0,False,0.0,0.0,0.0,1
CA,2,42,2,69,923.0,100.0,100.0,Canada,36.0,False,0.0,0.0,0.0,1
CA,2,46,2,69,925.0,100.0,100.0,Canada,36.0,False,0.0,0.0,0.0,1
CA,2,50,2,69,927.0,100.0,100.0,Canada,36.0,False,0.0,0.0,0.0,1
CA,4,8,3,70,906.0,100.0,100.0,Canada,36.0,False,0.0,0.0,0.0,1
CA,4,16,3,70,910.0,100.0,100.0,Canada,36.0,False,0.0,0.0,0.0,1
CA,4,24,3,70,914.0,100.0,100.0,Canada,36.0,False,0.0,0.0,0.0,1
CA,4,32,3,70,918.0,100.0,100.0,Canada,36.0,False,0.0,0.0,0.0,1
CA,4,40,3,70,922.0,100.0,100.0,Canada,36.0,False,0.0,0.0,0.0,1
CA,4,48,3,70,926.0,100.0,100.0,Canada,36.0,False,0.0,0.0,0.0,1
CA,8,12,4,71,908.0,100.0,100.0,Canada,36.0,False,0.0,0.0,0.0,1
CA,8,28,4,71,916.0,100.0,100.0,Canada,36.0,False,0.0,0.0,0.0,1
CA,8,44,4,71,924.0,100.0,100.0,Canada,36.0,False,0.0,0.0,0.0,1
CH,1,1,6,66,863.5,10.0,2.8,Switzerland,16.13,False,0.0,0.0,0.0,1
CH,1,3,6,66,864.5,10.0,2.8,Switzerland,16.13,False,0.0,0.0,0.0,1
CH,1,5,6,66,865.5,10.0,2.8,Switzerland,16.13,False,0.0,0.0,0.0,1
CH,1,7,6,66,866.5,10.0,2.8,Switzerland,16.13,False,0.0,0.0,0.0,1
CH,1,9,6,66,867.5,10.0,2.8,Switzerland,16.13,False,0.0,0.0,0.0,1
CY,1,1,6,66,863.5,10.0,2.8,Cypress,16.13,False,0.0,0.0,0.0,1
CY,1,3,6,66,864.5,10.0,2.8,Cypress,16.13,False,0.0,0.0,0.0,1
CY,1,5,6,66,865.5,10.0,2.8,Cypress,16.13,False,0.0,0.0,0.0,1
CY,1,7,6,66,866.5,10.0,2.8,Cypress,16.13,False,0.0,0.0,0.0,1
CY,1,9,6,66,867.5,10.0,2.8,Cypress,16.13,False,0.0,0.0,0.0,1
CZ,1,1,6,66,863.5,10.0,2.8,Czech Republic,16.13,False,0.0,0.0,0.0,1
CZ,1,3,6,66,864.5,10.0,2.8,Czech Republic,16.13,False,0.0,0.0,0.0,1
CZ,1,5,6,66,865.5,10.0,2.8,Czech Republic,16.13,False,0.0,0.0,0.0,1
CZ,1,7,6,66,866.5,10.0,2.8,Czech Republic,16.13,False,0.0,0.0,0.0,1
CZ,1,9,6,66,867.5,10.0,2.8,Czech Republic,16.13,False,0.0,0.0,0.0,1
DD,1,1,6,66,863.5,10.0,2.8,Germany,16.13,False,0.0,0.0,0.0,1
DD,1,3,6,66,864.5,10.0,2.8,Germany,16.13,False,0.0,0.0,0.0,1
DD,1,5,6,66,865.5,10.0,2.8,Germany,16.13,False,0.0,0.0,0.0,1
DD,1,7,6,66,866.5,10.0,2.8,Germany,16.13,False,0.0,0.0,0.0,1
DD,1,9,6,66,867.5,10.0,2.8,Germany,16.13,False,0.0,0.0,0.0,1
DK,1,1,6,66,863.5,10.0,2.8,Denmark,16.13,False,0.0,0.0,0.0,1
DK,1,3,6,66,864.5,10.0,2.8,Denmark,16.13,False,0.0,0.0,0.0,1
DK,1,5,6,66,865.5,10.0,2.8,Denmark,16.13,False,0.0,0.0,0.0,1
DK,1,7,6,66,866.5,10.0,2.8,Denmark,16.13,False,0.0,0.0,0.0,1
DK,1,9,6,66,867.5,10.0,2.8,Denmark,16.13,False,0.0,0.0,0.0,1
EE,1,1,6,66,863.5,10.0,2.8,Estonia,16.13,False,0.0,0.0,0.0,1
EE,1,3,6,66,864.5,10.0,2.8,Estonia,16.13,False,0.0,0.0,0.0,1
EE,1,5,6,66,865.5,10.0,2.8,Estonia,16.13,False,0.0,0.0,0.0,1
EE,1,7,6,66,866.5,10.0,2.8,Estonia,16.13,False,0.0,0.0,0.0,1
EE,1,9,6,66,867.5,10.0,2.8,Estonia,16.13,False,0.0,0.0,0.0,1
ES,1,1,6,66,863.5,10.0,2.8,Spain,16.13,False,0.0,0.0,0.0,1
ES,1,3,6,66,864.5,10.0,2.8,Spain,16.13,False,0.0,0.0,0.0,1
ES,1,5,6,66,865.5,10.0,2.8,Spain,16.13,False,0.0,0.0,0.0,1
ES,1,7,6,66,866.5,10.0,2.8,Spain,16.13,False,0.0,0.0,0.0,1
ES,1,9,6,66,867.5,10.0,2.8,Spain,16.13,False,0.0,0.0,0.0,1
EU,1,1,6,66,863.5,10.0,2.8,EU,16.13,False,0.0,0.0,0.0,1
EU,1,3,6,66,864.5,10.0,2.8,EU,16.13,False,0.0,0.0,0.0,1
EU,1,5,6,66,865.5,10.0,2.8,EU,16.13,False,0.0,0.0,0.0,1
EU,1,7,6,66,866.5,10.0,2.8,EU,16.13,False,0.0,0.0,0.0,1
EU,1,9,6,66,867.5,10.0,2.8,EU,16.13,False,0.0,0.0,0.0,1
FI,1,1,6,66,863.5,10.0,2.8,Finland,16.13,False,0.0,0.0,0.0,1
FI,1,3,6,66,864.5,10.0,2.8,Finland,16.13,False,0.0,0.0,0.0,1
FI,1,5,6,66,865.5,10.0,2.8,Finland,16.13,False,0.0,0.0,0.0,1
FI,1,7,6,66,866.5,10.0,2.8,Finland,16.13,False,0.0,0.0,0.0,1
FI,1,9,6,66,867.5,10.0,2.8,Finland,16.13,False,0.0,0.0,0.0,1
FI,1,33,30,77,917.9,10.0,2.8,Finland,16.13,False,0.0,0.0,0.0,1
FI,1,35,30,77,918.9,10.0,2.8,Finland,16.13,False,0.0,0.0,0.0,1
FL,1,1,6,66,863.5,10.0,2.8,Liechtenstein,16.13,False,0.0,0.0,0.0,1
FL,1,3,6,66,864.5,10.0,2.8,Liechtenstein,16.13,False,0.0,0.0,0.0,1
FL,1,5,6,66,865.5,10.0,2.8,Liechtenstein,16.13,False,0.0,0.0,0.0,1
FL,1,7,6,66,866.5,10.0,2.8,Liechtenstein,16.13,False,0.0,0.0,0.0,1
FL,1,9,6,66,867.5,10.0,2.8,Liechtenstein,16.13,False,0.0,0.0,0.0,1
FR,1,1,6,66,863.5,10.0,2.8,France,16.13,False,0.0,0.0,0.0,1
FR,1,3,6,66,864.5,10.0,2.8,France,16.13,False,0.0,0.0,0.0,1
FR,1,5,6,66,865.5,10.0,2.8,France,16.13,False,0.0,0.0,0.0,1
FR,1,7,6,66,866.5,10.0,2.8,France,16.13,False,0.0,0.0,0.0,1
FR,1,9,6,66,867.5,10.0,2.8,France,16.13,False,0.0,0.0,0.0,1
FR,1,33,30,77,917.9,10.0,2.8,France,16.13,False,0.0,0.0,0.0,1
FR,1,35,30,77,918.9,10.0,2.8,France,16.13,False,0.0,0.0,0.0,1
GR,1,1,6,66,863.5,10.0,2.8,Greece,16.13,False,0.0,0.0,0.0,1
GR,1,3,6,66,864.5,10.0,2.8,Greece,16.13,False,0.0,0.0,0.0,1
GR,1,5,6,66,865.5,10.0,2.8,Greece,16.13,False,0.0,0.0,0.0,1
GR,1,7,6,66,866.5,10.0,2.8,Greece,16.13,False,0.0,0.0,0.0,1
GR,1,9,6,66,867.5,10.0,2.8,Greece,16.13,False,0.0,0.0,0.0,1
HR,1,1,6,66,863.5,10.0,2.8,Croatia,16.13,False,0.0,0.0,0.0,1
HR,1,3,6,66,864.5,10.0,2.8,Croatia,16.13,False,0.0,0.0,0.0,1
HR,1,5,6,66,865.5,10.0,2.8,Croatia,16.13,False,0.0,0.0,0.0,1
HR,1,7,6,66,866.5,10.0,2.8,Croatia,16.13,False,0.0,0.0,0.0,1
HR,1,9,6,66,867.5,10.0,2.8,Croatia,16.13,False,0.0,0.0,0.0,1
HU,1,1,6,66,863.5,10.0,2.8,Hungary,16.13,False,0.0,0.0,0.0,1
HU,1,3,6,66,864.5,10.0,2.8,Hungary,16.13,False,0.0,0.0,0.0,1
HU,1,5,6,66,865.5,10.0,2.8,Hungary,16.13,False,0.0,0.0,0.0,1
HU,1,7,6,66,866.5,10.0,2.8,Hungary,16.13,False,0.0,0.0,0.0,1
HU,1,9,6,66,867.5,10.0,2.8,Hungary,16.13,False,0.0,0.0,0.0,1
IE,1,1,6,66,863.5,10.0,2.8,Ireland,16.13,False,0.0,0.0,0.0,1
IE,1,3,6,66,864.5,10.0,2.8,Ireland,16.13,False,0.0,0.0,0.0,1
IE,1,5,6,66,865.5,10.0,2.8,Ireland,16.13,False,0.0,0.0,0.0,1
IE,1,7,6,66,866.5,10.0,2.8,Ireland,16.13,False,0.0,0.0,0.0,1
IE,1,9,6,66,867.5,10.0,2.8,Ireland,16.13,False,0.0,0.0,0.0,1
IE,1,31,30,77,916.9,10.0,2.8,Ireland,16.13,False,0.0,0.0,0.0,1
IE,1,33,30,77,917.9,10.0,2.8,Ireland,16.13,False,0.0,0.0,0.0,1
IE,1,35,30,77,918.9,10.0,2.8,Ireland,16.13,False,0.0,0.0,0.0,1
IN,1,5,6,66,865.5,10.0,2.8,India,16.13,False,0.0,0.0,0.0,1
IN,1,7,6,66,866.5,10.0,2.8,India,16.13,False,0.0,0.0,0.0,1
IN,1,9,6,66,867.5,10.0,2.8,India,16.13,False,0.0,0.0,0.0,1
IS,1,1,6,66,863.5,10.0,2.8,Iceland,16.13,False,0.0,0.0,0.0,1
IS,1,3,6,66,864.5,10.0,2.8,Iceland,16.13,False,0.0,0.0,0.0,1
IS,1,5,6,66,865.5,10.0,2.8,Iceland,16.13,False,0.0,0.0,0.0,1
IS,1,7,6,66,866.5,10.0,2.8,Iceland,16.13,False,0.0,0.0,0.0,1
IS,1,9,6,66,867.5,10.0,2.8,Iceland,16.13,False,0.0,0.0,0.0,1
IS,1,31,30,77,916.9,10.0,2.8,Iceland,16.13,False,0.0,0.0,0.0,1
IS,1,33,30,77,917.9,10.0,2.8,Iceland,16.13,False,0.0,0.0,0.0,1
IS,1,35,30,77,918.9,10.0,2.8,Iceland,16.13,False,0.0,0.0,0.0,1
IT,1,1,6,66,863.5,10.0,2.8,Italy,16.13,False,0.0,0.0,0.0,1
IT,1,3,6,66,864.5,10.0,2.8,Italy,16.13,False,0.0,0.0,0.0,1
IT,1,5,6,66,865.5,10.0,2.8,Italy,16.13,False,0.0,0.0,0.0,1
IT,1,7,6,66,866.5,10.0,2.8,Italy,16.13,False,0.0,0.0,0.0,1
IT,1,9,6,66,867.5,10.0,2.8,Italy,16.13,False,0.0,0.0,0.0,1
IT,1,33,30,77,917.9,10.0,2.8,Italy,16.13,False,0.0,0.0,0.0,1
IT,1,35,30,77,918.9,10.0,2.8,Italy,16.13,False,0.0,0.0,0.0,1
JP,1,9,8,73,921.0,10.0,10.0,Japan,16.0,True,2.0,2.0,100.0,1
JP,1,13,8,73,923.0,10.0,10.0,Japan,16.0,True,2.0,2.0,100.0,1
JP,1,15,8,73,924.0,10.0,10.0,Japan,16.0,True,2.0,2.0,100.0,1
JP,1,17,8,73,925.0,10.0,10.0,Japan,16.0,True,2.0,2.0,100.0,1
JP,1,19,8,73,926.0,10.0,10.0,Japan,16.0,True,2.0,2.0,100.0,1
JP,1,21,8,73,927.0,10.0,10.0,Japan,16.0,True,2.0,2.0,100.0,1
JP,2,2,9,64,923.5,10.0,10.0,Japan,16.0,True,2.0,2.0,100.0,1
JP,2,4,10,64,924.5,10.0,10.0,Japan,16.0,True,2.0,2.0,100.0,1
JP,2,6,9,64,925.5,10.0,10.0,Japan,16.0,True,2.0,2.0,100.0,1
JP,2,8,10,64,926.5,10.0,10.0,Japan,16.0,True,2.0,2.0,100.0,1
JP,4,36,11,65,924.5,10.0,10.0,Japan,16.0,True,2.0,2.0,100.0,1
JP,4,38,12,65,925.5,10.0,10.0,Japan,16.0,True,2.0,2.0,100.0,1
KE,1,1,6,66,863.5,10.0,2.8,Kenya,16.13,False,0.0,0.0,0.0,1
KE,1,3,6,66,864.5,10.0,2.8,Kenya,16.13,False,0.0,0.0,0.0,1
KE,1,5,6,66,865.5,10.0,2.8,Kenya,16.13,False,0.0,0.0,0.0,1
KE,1,7,6,66,866.5,10.0,2.8,Kenya,16.13,False,0.0,0.0,0.0,1
KE,1,9,6,66,867.5,10.0,2.8,Kenya,16.13,False,0.0,0.0,0.0,1
KR,1,1,14,74,918.0,100.0,100.0,South Korea,4.77,False,50.0,0.0,4000.0,1
KR,1,3,14,74,919.0,100.0,100.0,South Korea,4.77,False,50.0,0.0,4000.0,1
KR,1,5,14,74,920.0,100.0,100.0,South Korea,4.77,False,50.0,0.0,4000.0,1
KR,1,7,14,74,921.0,100.0,100.0,South Korea,4.77,False,50.0,0.0,4000.0,1
KR,1,9,14,74,922.0,100.0,100.0,South Korea,10.0,False,50.0,0.0,4000.0,1
KR,1,11,14,74,923.0,100.0,100.0,South Korea,10.0,False,50.0,0.0,4000.0,1
KR,2,2,15,75,918.5,100.0,100.0,South Korea,4.77,False,50.0,0.0,4000.0,1
KR,2,6,15,75,920.5,100.0,100.0,South Korea,4.77,False,50.0,0.0,4000.0,1
KR,2,10,15,75,922.5,100.0,100.0,South Korea,10.0,False,50.0,0.0,4000.0,1
KR,4,8,16,76,921.5,100.0,100.0,South Korea,4.77,False,50.0,0.0,4000.0,1
KR,1,18,14,74,926.5,100.0,100.0,South Korea,17.0,False,0.264,0.0,220.0,0
KR,1,20,14,74,927.5,100.0,100.0,South Korea,17.0,False,0.264,0.0,220.0,0
KR,1,22,14,74,928.5,100.0,100.0,South Korea,17.0,False,0.264,0.0,220.0,0
KR,1,24,14,74,929.5,100.0,100.0,South Korea,17.0,False,0.264,0.0,220.0,0
KR,2,19,15,75,927.0,100.0,100.0,South Korea,20.0,False,0.264,0.0,220.0,0
KR,2,23,15,75,929.0,100.0,100.0,South Korea,20.0,False,0.264,0.0,220.0,0
LT,1,1,6,66,863.5,10.0,2.8,Lithuania,16.13,False,0.0,0.0,0.0,1
LT,1,3,6,66,864.5,10.0,2.8,Lithuania,16.13,False,0.0,0.0,0.0,1
LT,1,5,6,66,865.5,10.0,2.8,Lithuania,16.13,False,0.0,0.0,0.0,1
LT,1,7,6,66,866.5,10.0,2.8,Lithuania,16.13,False,0.0,0.0,0.0,1
LT,1,9,6,66,867.5,10.0,2.8,Lithuania,16.13,False,0.0,0.0,0.0,1
LT,1,31,30,77,916.9,10.0,2.8,Lithuania,16.13,False,0.0,0.0,0.0,1
LT,1,33,30,77,917.9,10.0,2.8,Lithuania,16.13,False,0.0,0.0,0.0,1
LT,1,35,30,77,918.9,10.0,2.8,Lithuania,16.13,False,0.0,0.0,0.0,1
LU,1,1,6,66,863.5,10.0,2.8,Luxembourg,16.13,False,0.0,0.0,0.0,1
LU,1,3,6,66,864.5,10.0,2.8,Luxembourg,16.13,False,0.0,0.0,0.0,1
LU,1,5,6,66,865.5,10.0,2.8,Luxembourg,16.13,False,0.0,0.0,0.0,1
LU,1,7,6,66,866.5,10.0,2.8,Luxembourg,16.13,False,0.0,0.0,0.0,1
LU,1,9,6,66,867.5,10.0,2.8,Luxembourg,16.13,False,0.0,0.0,0.0,1
LV,1,1,6,66,863.5,10.0,2.8,Latvia,16.13,False,0.0,0.0,0.0,1
LV,1,3,6,66,864.5,10.0,2.8,Latvia,16.13,False,0.0,0.0,0.0,1
LV,1,5,6,66,865.5,10.0,2.8,Latvia,16.13,False,0.0,0.0,0.0,1
LV,1,7,6,66,866.5,10.0,2.8,Latvia,16.13,False,0.0,0.0,0.0,1
LV,1,9,6,66,867.5,10.0,2.8,Latvia,16.13,False,0.0,0.0,0.0,1
MD,1,1,6,66,863.5,10.0,2.8,Moldova,16.13,False,0.0,0.0,0.0,1
MD,1,3,6,66,864.5,10.0,2.8,Moldova,16.13,False,0.0,0.0,0.0,1
MD,1,5,6,66,865.5,10.0,2.8,Moldova,16.13,False,0.0,0.0,0.0,1
MD,1,7,6,66,866.5,10.0,2.8,Moldova,16.13,False,0.0,0.0,0.0,1
MD,1,9,6,66,867.5,10.0,2.8,Moldova,16.13,False,0.0,0.0,0.0,1
MD,1,31,30,77,916.9,10.0,2.8,Moldova,16.13,False,0.0,0.0,0.0,1
MD,1,33,30,77,917.9,10.0,2.8,Moldova,16.13,False,0.0,0.0,0.0,1
MD,1,35,30,77,918.9,10.0,2.8,Moldova,16.13,False,0.0,0.0,0.0,1
MK,1,1,6,66,863.5,10.0,2.8,North Macedonia,16.13,False,0.0,0.0,0.0,1
MK,1,3,6,66,864.5,10.0,2.8,North Macedonia,16.13,False,0.0,0.0,0.0,1
MK,1,5,6,66,865.5,10.0,2.8,North Macedonia,16.13,False,0.0,0.0,0.0,1
MK,1,7,6,66,866.5,10.0,2.8,North Macedonia,16.13,False,0.0,0.0,0.0,1
MK,1,9,6,66,867.5,10.0,2.8,North Macedonia,16.13,False,0.0,0.0,0.0,1
MK,1,31,30,77,916.9,10.0,2.8,North Macedonia,16.13,False,0.0,0.0,0.0,1
MK,1,33,30,77,917.9,10.0,2.8,North Macedonia,16.13,False,0.0,0.0,0.0,1
MK,1,35,30,77,918.9,10.0,2.8,North Macedonia,16.13,False,0.0,0.0,0.0,1
MT,1,1,6,66,863.5,10.0,2.8,Malta,16.13,False,0.0,0.0,0.0,1
MT,1,3,6,66,864.5,10.0,2.8,Malta,16.13,False,0.0,0.0,0.0,1
MT,1,5,6,66,865.5,10.0,2.8,Malta,16.13,False,0.0,0.0,0.0,1
MT,1,7,6,66,866.5,10.0,2.8,Malta,16.13,False,0.0,0.0,0.0,1
MT,1,9,6,66,867.5,10.0,2.8,Malta,16.13,False,0.0,0.0,0.0,1
NL,1,1,6,66,863.5,10.0,2.8,Netherlands,16.13,False,0.0,0.0,0.0,1
NL,1,3,6,66,864.5,10.0,2.8,Netherlands,16.13,False,0.0,0.0,0.0,1
NL,1,5,6,66,865.5,10.0,2.8,Netherlands,16.13,False,0.0,0.0,0.0,1
NL,1,7,6,66,866.5,10.0,2.8,Netherlands,16.13,False,0.0,0.0,0.0,1
NL,1,9,6,66,867.5,10.0,2.8,Netherlands,16.13,False,0.0,0.0,0.0,1
NO,1,1,6,66,863.5,10.0,2.8,Norway,16.13,False,0.0,0.0,0.0,1
NO,1,3,6,66,864.5,10.0,2.8,Norway,16.13,False,0.0,0.0,0.0,1
NO,1,5,6,66,865.5,10.0,2.8,Norway,16.13,False,0.0,0.0,0.0,1
NO,1,7,6,66,866.5,10.0,2.8,Norway,16.13,False,0.0,0.0,0.0,1
NO,1,9,6,66,867.5,10.0,2.8,Norway,16.13,False,0.0,0.0,0.0,1
NZ,1,27,26,68,915.5,100.0,100.0,New Zealand,30.0,False,0.0,0.0,0.0,1
NZ,1,29,26,68,916.5,100.0,100.0,New Zealand,30.0,False,0.0,0.0,0.0,1
NZ,1,31,26,68,917.5,100.0,100.0,New Zealand,30.0,False,0.0,0.0,0.0,1
NZ,1,33,26,68,918.5,100.0,100.0,New Zealand,30.0,False,0.0,0.0,0.0,1
NZ,1,35,26,68,919.5,100.0,100.0,New Zealand,30.0,False,0.0,0.0,0.0,1
NZ,1,37,26,68,920.5,100.0,100.0,New Zealand,36.0,False,0.0,0.0,0.0,1
NZ,1,39,26,68,921.5,100.0,100.0,New Zealand,36.0,False,0.0,0.0,0.0,1
NZ,1,41,26,68,922.5,100.0,100.0,New Zealand,36.0,False,0.0,0.0,0.0,1
NZ,1,43,26,68,923.5,100.0,100.0,New Zealand,36.0,False,0.0,0.0,0.0,1
NZ,1,45,26,68,924.5,100.0,100.0,New Zealand,36.0,False,0.0,0.0,0.0,1
NZ,1,47,26,68,925.5,100.0,100.0,New Zealand,36.0,False,0.0,0.0,0.0,1
NZ,1,49,26,68,926.5,100.0,100.0,New Zealand,36.0,False,0.0,0.0,0.0,1
NZ,1,51,26,68,927.5,100.0,100.0,New Zealand,36.0,False,0.0,0.0,0.0,1
NZ,2,30,27,69,917.0,100.0,100.0,New Zealand,30.0,False,0.0,0.0,0.0,1
NZ,2,34,27,69,919.0,100.0,100.0,New Zealand,30.0,False,0.0,0.0,0.0,1
NZ,2,38,27,69,921.0,100.0,100.0,New Zealand,36.0,False,0.0,0.0,0.0,1
NZ,2,42,27,69,923.0,100.0,100.0,New Zealand,36.0,False,0.0,0.0,0.0,1
NZ,2,46,27,69,925.0,100.0,100.0,New Zealand,36.0,False,0.0,0.0,0.0,1
NZ,2,50,27,69,927.0,100.0,100.0,New Zealand,36.0,False,0.0,0.0,0.0,1
NZ,4,32,28,70,918.0,100.0,100.0,New Zealand,30.0,False,0.0,0.0,0.0,1
NZ,4,40,28,70,922.0,100.0,100.0,New Zealand,36.0,False,0.0,0.0,0.0,1
NZ,4,48,28,70,926.0,100.0,100.0,New Zealand,36.0,False,0.0,0.0,0.0,1
NZ,8,44,29,71,924.0,100.0,100.0,New Zealand,36.0,False,0.0,0.0,0.0,1
PL,1,1,6,66,863.5,10.0,2.8,Poland,16.13,False,0.0,0.0,0.0,1
PL,1,3,6,66,864.5,10.0,2.8,Poland,16.13,False,0.0,0.0,0.0,1
PL,1,5,6,66,865.5,10.0,2.8,Poland,16.13,False,0.0,0.0,0.0,1
PL,1,7,6,66,866.5,10.0,2.8,Poland,16.13,False,0.0,0.0,0.0,1
PL,1,9,6,66,867.5,10.0,2.8,Poland,16.13,False,0.0,0.0,0.0,1
PT,1,1,6,66,863.5,10.0,2.8,Portugal,16.13,False,0.0,0.0,0.0,1
PT,1,3,6,66,864.5,10.0,2.8,Portugal,16.13,False,0.0,0.0,0.0,1
PT,1,5,6,66,865.5,10.0,2.8,Portugal,16.13,False,0.0,0.0,0.0,1
PT,1,7,6,66,866.5,10.0,2.8,Portugal,16.13,False,0.0,0.0,0.0,1
PT,1,9,6,66,867.5,10.0,2.8,Portugal,16.13,False,0.0,0.0,0.0,1
PT,1,31,30,77,916.9,10.0,2.8,Portugal,16.13,False,0.0,0.0,0.0,1
PT,1,33,30,77,917.9,10.0,2.8,Portugal,16.13,False,0.0,0.0,0.0,1
PT,1,35,30,77,918.9,10.0,2.8,Portugal,16.13,False,0.0,0.0,0.0,1
RO,1,1,6,66,863.5,10.0,2.8,Romania,16.13,False,0.0,0.0,0.0,1
RO,1,3,6,66,864.5,10.0,2.8,Romania,16.13,False,0.0,0.0,0.0,1
RO,1,5,6,66,865.5,10.0,2.8,Romania,16.13,False,0.0,0.0,0.0,1
RO,1,7,6,66,866.5,10.0,2.8,Romania,16.13,False,0.0,0.0,0.0,1
RO,1,9,6,66,867.5,10.0,2.8,Romania,16.13,False,0.0,0.0,0.0,1
SE,1,1,6,66,863.5,10.0,2.8,Sweden,16.13,False,0.0,0.0,0.0,1
SE,1,3,6,66,864.5,10.0,2.8,Sweden,16.13,False,0.0,0.0,0.0,1
SE,1,5,6,66,865.5,10.0,2.8,Sweden,16.13,False,0.0,0.0,0.0,1
SE,1,7,6,66,866.5,10.0,2.8,Sweden,16.13,False,0.0,0.0,0.0,1
SE,1,9,6,66,867.5,10.0,2.8,Sweden,16.13,False,0.0,0.0,0.0,1
SE,1,31,30,77,916.9,10.0,2.8,Sweden,16.13,False,0.0,0.0,0.0,1
SE,1,33,30,77,917.9,10.0,2.8,Sweden,16.13,False,0.0,0.0,0.0,1
SE,1,35,30,77,918.9,10.0,2.8,Sweden,16.13,False,0.0,0.0,0.0,1
SG,1,7,17,66,866.5,2.77,2.77,Singapore,29.14,False,100.0,0.0,1000.0,1
SG,1,9,17,66,867.5,2.77,2.77,Singapore,29.14,False,100.0,0.0,1000.0,1
SG,1,11,17,66,868.5,2.77,2.77,Singapore,29.14,False,100.0,0.0,1000.0,1
SG,2,10,19,67,868.0,2.77,2.77,Singapore,29.14,False,100.0,0.0,1000.0,1
SG,1,37,18,68,920.5,100.0,100.0,Singapore,22.15,False,0.0,0.0,0.0,1
SG,1,39,18,68,921.5,100.0,100.0,Singapore,22.15,False,0.0,0.0,0.0,1
SG,1,41,18,68,922.5,100.0,100.0,Singapore,22.15,False,0.0,0.0,0.0,1
SG,1,43,18,68,923.5,100.0,100.0,Singapore,22.15,False,0.0,0.0,0.0,1
SG,1,45,18,68,924.5,100.0,100.0,Singapore,22.15,False,0.0,0.0,0.0,1
SG,2,38,20,69,921.0,100.0,100.0,Singapore,22.15,False,0.0,0.0,0.0,1
SG,2,42,20,69,923.0,100.0,100.0,Singapore,22.15,False,0.0,0.0,0.0,1
SG,4,40,21,70,922.0,100.0,100.0,Singapore,22.15,False,0.0,0.0,0.0,1
SI,1,1,6,66,863.5,10.0,2.8,Slovenia,16.13,False,0.0,0.0,0.0,1
SI,1,3,6,66,864.5,10.0,2.8,Slovenia,16.13,False,0.0,0.0,0.0,1
SI,1,5,6,66,865.5,10.0,2.8,Slovenia,16.13,False,0.0,0.0,0.0,1
SI,1,7,6,66,866.5,10.0,2.8,Slovenia,16.13,False,0.0,0.0,0.0,1
SI,1,9,6,66,867.5,10.0,2.8,Slovenia,16.13,False,0.0,0.0,0.0,1
SI,1,31,30,77,916.9,10.0,2.8,Slovenia,16.13,False,0.0,0.0,0.0,1
SI,1,33,30,77,917.9,10.0,2.8,Slovenia,16.13,False,0.0,0.0,0.0,1
SI,1,35,30,77,918.9,10.0,2.8,Slovenia,16.13,False,0.0,0.0,0.0,1
SK,1,1,6,66,863.5,10.0,2.8,Slovakia,16.13,False,0.0,0.0,0.0,1
SK,1,3,6,66,864.5,10.0,2.8,Slovakia,16.13,False,0.0,0.0,0.0,1
SK,1,5,6,66,865.5,10.0,2.8,Slovakia,16.13,False,0.0,0.0,0.0,1
SK,1,7,6,66,866.5,10.0,2.8,Slovakia,16.13,False,0.0,0.0,0.0,1
SK,1,9,6,66,867.5,10.0,2.8,Slovakia,16.13,False,0.0,0.0,0.0,1
TR,1,1,6,66,863.5,10.0,2.8,Turkey,16.13,False,0.0,0.0,0.0,1
TR,1,3,6,66,864.5,10.0,2.8,Turkey,16.13,False,0.0,0.0,0.0,1
TR,1,5,6,66,865.5,10.0,2.8,Turkey,16.13,False,0.0,0.0,0.0,1
TR,1,7,6,66,866.5,10.0,2.8,Turkey,16.13,False,0.0,0.0,0.0,1
TR,1,9,6,66,867.5,10.0,2.8,Turkey,16.13,False,0.0,0.0,0.0,1
TR,1,33,30,77,917.9,10.0,2.8,Turkey,16.13,False,0.0,0.0,0.0,1
TR,1,35,30,77,918.9,10.0,2.8,Turkey,16.13,False,0.0,0.0,0.0,1
UK,1,1,6,66,863.5,10.0,2.8,United Kingdom,16.13,False,0.0,0.0,0.0,1
UK,1,3,6,66,864.5,10.0,2.8,United Kingdom,16.13,False,0.0,0.0,0.0,1
UK,1,5,6,66,865.5,10.0,2.8,United Kingdom,16.13,False,0.0,0.0,0.0,1
UK,1,7,6,66,866.5,10.0,2.8,United Kingdom,16.13,False,0.0,0.0,0.0,1
UK,1,9,6,66,867.5,10.0,2.8,United Kingdom,16.13,False,0.0,0.0,0.0,1
UK,1,33,30,77,917.9,10.0,2.8,United Kingdom,16.13,False,0.0,0.0,0.0,1
UK,1,35,30,77,918.9,10.0,2.8,United Kingdom,16.13,False,0.0,0.0,0.0,1
US,1,1,1,68,902.5,100.0,100.0,USA,36.0,False,0.0,0.0,0.0,0
US,1,3,1,68,903.5,100.0,100.0,USA,36.0,False,0.0,0.0,0.0,1
US,1,5,1,68,904.5,100.0,100.0,USA,36.0,False,0.0,0.0,0.0,1
US,1,7,1,68,905.5,100.0,100.0,USA,36.0,False,0.0,0.0,0.0,1
US,1,9,1,68,906.5,100.0,100.0,USA,36.0,False,0.0,0.0,0.0,1
US,1,11,1,68,907.5,100.0,100.0,USA,36.0,False,0.0,0.0,0.0,1
US,1,13,1,68,908.5,100.0,100.0,USA,36.0,False,0.0,0.0,0.0,1
US,1,15,1,68,909.5,100.0,100.0,USA,36.0,False,0.0,0.0,0.0,1
US,1,17,1,68,910.5,100.0,100.0,USA,36.0,False,0.0,0.0,0.0,1
US,1,19,1,68,911.5,100.0,100.0,USA,36.0,False,0.0,0.0,0.0,1
US,1,21,1,68,912.5,100.0,100.0,USA,36.0,False,0.0,0.0,0.0,1
US,1,23,1,68,913.5,100.0,100.0,USA,36.0,False,0.0,0.0,0.0,1
US,1,25,1,68,914.5,100.0,100.0,USA,36.0,False,0.0,0.0,0.0,1
US,1,27,1,68,915.5,100.0,100.0,USA,36.0,False,0.0,0.0,0.0,1
US,1,29,1,68,916.5,100.0,100.0,USA,36.0,False,0.0,0.0,0.0,1
US,1,31,1,68,917.5,100.0,100.0,USA,36.0,False,0.0,0.0,0.0,1
US,1,33,1,68,918.5,100.0,100.0,USA,36.0,False,0.0,0.0,0.0,1
US,1,35,1,68,919.5,100.0,100.0,USA,36.0,False,0.0,0.0,0.0,1
US,1,37,1,68,920.5,100.0,100.0,USA,36.0,False,0.0,0.0,0.0,1
US,1,39,1,68,921.5,100.0,100.0,USA,36.0,False,0.0,0.0,0.0,1
US,1,41,1,68,922.5,100.0,100.0,USA,36.0,False,0.0,0.0,0.0,1
US,1,43,1,68,923.5,100.0,100.0,USA,36.0,False,0.0,0.0,0.0,1
US,1,45,1,68,924.5,100.0,100.0,USA,36.0,False,0.0,0.0,0.0,1
US,1,47,1,68,925.5,100.0,100.0,USA,36.0,False,0.0,0.0,0.0,1
US,1,49,1,68,926.5,100.0,100.0,USA,36.0,False,0.0,0.0,0.0,1
US,1,51,1,68,927.5,100.0,100.0,USA,36.0,False,0.0,0.0,0.0,1
US,2,2,2,69,903.0,100.0,100.0,USA,36.0,False,0.0,0.0,0.0,0
US,2,6,2,69,905.0,100.0,100.0,USA,36.0,False,0.0,0.0,0.0,1
US,2,10,2,69,907.0,100.0,100.0,USA,36.0,False,0.0,0.0,0.0,1
US,2,14,2,69,909.0,100.0,100.0,USA,36.0,False,0.0,0.0,0.0,1
US,2,18,2,69,911.0,100.0,100.0,USA,36.0,False,0.0,0.0,0.0,1
US,2,22,2,69,913.0,100.0,100.0,USA,36.0,False,0.0,0.0,0.0,1
US,2,26,2,69,915.0,100.0,100.0,USA,36.0,False,0.0,0.0,0.0,1
US,2,30,2,69,917.0,100.0,100.0,USA,36.0,False,0.0,0.0,0.0,1
US,2,34,2,69,919.0,100.0,100.0,USA,36.0,False,0.0,0.0,0.0,1
US,2,38,2,69,921.0,100.0,100.0,USA,36.0,False,0.0,0.0,0.0,1
US,2,42,2,69,923.0,100.0,100.0,USA,36.0,False,0.0,0.0,0.0,1
US,2,46,2,69,925.0,100.0,100.0,USA,36.0,False,0.0,0.0,0.0,1
US,2,50,2,69,927.0,100.0,100.0,USA,36.0,False,0.0,0.0,0.0,1
US,4,8,3,70,906.0,100.0,100.0,USA,36.0,False,0.0,0.0,0.0,1
US,4,16,3,70,910.0,100.0,100.0,USA,36.0,False,0.0,0.0,0.0,1
US,4,24,3,70,914.0,100.0,100.0,USA,36.0,False,0.0,0.0,0.0,1
US,4,32,3,70,918.0,100.0,100.0,USA,36.0,False,0.0,0.0,0.0,1
US,4,40,3,70,922.0,100.0,100.0,USA,36.0,False,0.0,0.0,0.0,1
US,4,48,3,70,926.0,100.0,100.0,USA,36.0,False,0.0,0.0,0.0,1
US,8,12,4,71,908.0,100.0,100.0,USA,36.0,False,0.0,0.0,0.0,1
US,8,28,4,71,916.0,100.0,100.0,USA,36.0,False,0.0,0.0,0.0,1
US,8,44,4,71,924.0,100.0,100.0,USA,36.0,False,0.0,0.0,0.0,1
